hospital,score,top_keywords,n_review
사계절에스한의원,19.5,"친절,추천,대기시간",38
힐링산부인과의원,19.0,"친절,자세한 설명,대기시간",53
노원 명한의원,15.5,"친절,자세한 설명,추천",46
여진주한의원,13.5,"친절,추천,자세한 설명",44
디딤정신건강의학과의원,13.5,"친절,자세한 설명,과잉진료",22
인애한의원 노원점,13.0,"친절,추천,자세한 설명",33
유앤영피부과의원 노원점,12.0,"대기시간,친절,추천",71
한의원혜민서,11.0,"친절,추천,자세한 설명",35
상계바론정형외과의원,11.0,"자세한 설명,비쌈,대기시간",30
올리브산부인과의원,8.0,"자세한 설명,친절,과잉진료",62
연세내과의원,8.0,"친절,자세한 설명,대기시간",12
솔한의원,8.0,"친절,추천,대기시간",10
영광한의원,7.5,"친절,추천,과잉진료",43
연세정형외과의원,7.0,"자세한 설명,대기시간,친절",13
이관철이비인후과의원,6.0,"친절,자세한 설명,추천",55
사계절한의원,6.0,"친절,추천,자세한 설명",31
이종익내과의원,6.0,"친절,자세한 설명,대기시간",10
맑은숨이비인후과의원,6.0,"청결,대기시간,친절",12
강지천한의원,5.5,"친절,대기시간,자세한 설명",23
인덕한의원,5.5,"친절,자세한 설명,과잉진료",20
하늘별소아청소년과의원,5.0,"친절,자세한 설명,대기시간",11
월계의원,4.5,"친절,과잉진료,자세한 설명",37
경희백세한의원,4.5,"친절,추천,자세한 설명",48
우리들이비인후과의원,4.5,"자세한 설명,친절,과잉진료",28
애플소아청소년과의원,4.0,"친절,자세한 설명",6
은혜부부치과의원,4.0,"친절,비쌈",4
더바른한의원,4.0,"친절,자세한 설명,과잉진료",22
중계제일의원,3.5,"친절,자세한 설명,추천",9
기쁨소아청소년과의원,3.0,"친절,청결",5
이미지치과의원,3.0,"자세한 설명,친절,대기시간",8
노원백정형외과의원,3.0,"자세한 설명,친절,청결",12
서울 의원,3.0,"친절,불친절,추천",9
경희정담한의원,3.0,"자세한 설명,친절,추천",8
365MC의원,3.0,"친절,청결",3
공릉참편한의원,3.0,친절,3
이형일소아과의원,3.0,"친절,대기시간,과잉진료",11
연세키즈소아청소년과의원,2.5,"대기시간,친절,자세한 설명",7
상계연세소아과의원,2.5,자세한 설명,9
에프엠성모의원,2.5,"친절,자세한 설명,청결",2
이병희이비인후과의원,2.5,"친절,대기시간,청결",6
스카이서울안과의원,2.5,"대기시간,친절,청결",7
현대한의원,2.0,"친절,자세한 설명,청결",2
e-편한치과의원,2.0,"친절,불친절",2
닥터쁘띠의원 노원점,2.0,"친절,자세한 설명",2
삼성드림이비인후과의원,2.0,"친절,자세한 설명,청결",6
샤인치과교정과 치과병원,2.0,친절,2
생명마루한의원,2.0,,2
인제대학교 상계백병원,2.0,"친절,청결,자세한 설명",16
닥터에버스의원,2.0,친절,4
을지대학교 을지병원,2.0,"친절,대기시간,시설",22
참사랑한의원,2.0,친절,2
박현숙소아과의원,2.0,,2
방병원,2.0,"대기시간,친절,자세한 설명",15
성모바른정형외과의원,2.0,"대기시간,친절,자세한 설명",7
한국원자력의학원원자력병원,2.0,"시설,친절",6
고은소아청소년과의원,2.0,친절,6
CL성형외과의원,2.0,친절,2
유진상내과의원,2.0,"친절,추천,자세한 설명",35
석계정신과의원,2.0,비쌈,6
푸른치과의원,2.0,"친절,청결",2
윤세훈치과의원,2.0,"친절,과잉진료,비쌈",6
임지연소아청소년과의원,2.0,"친절,대기시간",4
홍한의원,2.0,"자세한 설명,친절,시설",4
예손치과의원,1.5,"친절,청결,자세한 설명",1
우리가족한의원,1.5,"친절,자세한 설명,비쌈",4
안수민치과의원,1.5,"친절,대기시간,과잉진료",4
연세차오름의원,1.5,자세한 설명,1
하나이비인후과의원,1.5,"대기시간,자세한 설명,신속",4
김명선내과의원,1.5,"대기시간,과잉진료,친절",1
나종보치과의원,1.5,"친절,자세한 설명,대기시간",1
나철한의원,1.5,"대기시간,친절,자세한 설명",1
서울미르한방병원,1.5,"친절,청결",1
평화내과의원,1.5,"대기시간,자세한 설명,친절",1
서울참좋은치과의원,1.5,"자세한 설명,청결,친절",1
필치과의원,1.5,"청결,친절,자세한 설명",1
온누리정형외과의원,1.5,"대기시간,자세한 설명,친절",1
오케이재활의학과의원,1.5,"청결,시설",1
형제한의원,1.5,"대기시간,친절,자세한 설명",1
조성욱치과의원,1.5,"자세한 설명,대기시간,과잉진료",4
메이저성형외과의원,1.5,"친절,자세한 설명,대기시간",1
장현대치과의원,1.5,"대기시간,과잉진료,친절",1
바른몸한의원,1.5,"친절,청결,대기시간",8
은사한의원,1.5,"친절,청결",10
늘빛한의원,1.5,"친절,청결,자세한 설명",1
이민녕성형외과의원,1.5,"친절,자세한 설명,대기시간",1
노원성모정형외과의원,1.5,"대기시간,친절,자세한 설명",10
달라스치과의원,1.5,"자세한 설명,청결,친절",1
이레한의원,1.5,"친절,비쌈",1
로덴치과병원,1.5,"비쌈,불친절,대기시간",1
전성일정신건강의학과의원,1.5,"친절,자세한 설명,추천",4
인우치과의원,1.5,"자세한 설명,대기시간,과잉진료",1
우솔한의원,1.5,"대기시간,친절,자세한 설명",1
서우정한의원,1.5,"자세한 설명,친절,청결",1
연세고마운치과의원,1.5,"친절,과잉진료,청결",1
공릉 참편한 의원,1.5,"친절,자세한 설명,대기시간",1
한양치과의원,1.5,"과잉진료,시설,친절",1
톡톡경희한의원 성북점,1.5,"친절,자세한 설명,청결",1
오른치과의원,1.0,"친절,비쌈,과잉진료",9
석계항맥외과의원,1.0,"친절,시설,추천",3
한림한의원,1.0,"친절,자세한 설명,청결",1
우주가정의학과의원,1.0,"친절,시설,대기시간",3
서울용치과의원,1.0,"친절,청결",3
고운이치과의원,1.0,친절,3
블리비의원,1.0,,1
최소아과의원,1.0,"친절,대기시간,청결",3
노아치과의원,1.0,"친절,청결,자세한 설명",1
대한치과의원,1.0,"대기시간,친절,자세한 설명",1
더봄치과의원,1.0,"청결,친절,자세한 설명",1
김기범이비인후과의원,1.0,"친절,자세한 설명,청결",1
김태진치과의원,1.0,"친절,자세한 설명",1
서울으뜸치과의원,1.0,"친절,청결,시설",1
서울제일한방병원,1.0,,1
성심바른치과,1.0,"친절,불친절,자세한 설명",1
한솔치과의원,1.0,"자세한 설명,대기시간,친절",3
한세외과의원,1.0,"청결,친절,시설",3
수광한의원,1.0,"대기시간,친절,추천",1
세이유외과의원,1.0,"대기시간,친절,자세한 설명",5
성북중앙병원,1.0,"친절,자세한 설명,비쌈",1
해율한의원 노원점,1.0,"친절,비쌈,자세한 설명",3
연세산부인과의원,1.0,"시설,자세한 설명,대기시간",3
안암엘와이엔치과의원,1.0,"친절,자세한 설명,과잉진료",1
아비쥬의원 노원점,1.0,"친절,대기시간,비쌈",27
안아픈세상한의원,1.0,"친절,자세한 설명,청결",1
양지한의원,1.0,"친절,자세한 설명,대기시간",1
홍익치과의원,1.0,"친절,자세한 설명,비쌈",3
종암한의원,1.0,"친절,자세한 설명,청결",1
바로본튼튼의원,1.0,친절,1
박가정의원,1.0,"친절,불친절,대기시간",12
혜문한의원,1.0,"친절,자세한 설명,청결",1
박상호의원,1.0,"친절,대기시간,시설",3
박경숙산부인과의원,1.0,"대기시간,친절,자세한 설명",6
보문한의원,1.0,"친절,자세한 설명,청결",1
문미호소아과의원,1.0,"친절,자세한 설명,대기시간",11
맑은숲한의원 길음미아점,1.0,"친절,자세한 설명,청결",1
가산베스트치과의원,1.0,"자세한 설명,청결,친절",1
경아치과의원,1.0,"청결,자세한 설명,대기시간",3
보람성모내과의원,1.0,"친절,시설,추천",7
태안과의원,1.0,"대기시간,자세한 설명,친절",6
새하늘이비인후과의원,1.0,"대기시간,친절,청결",6
상계우리의원,1.0,자세한 설명,1
새생명한의원,1.0,"자세한 설명,과잉진료,친절",1
김지호산부인과의원,0.5,"자세한 설명,대기시간,친절",3
서울스카이치과의원,0.5,"자세한 설명,친절,대기시간",2
선명한의원,0.5,"친절,시설,신속",13
김세진소아청소년과의원,0.5,"친절,자세한 설명,대기시간",2
서울모아치과의원,0.5,"친절,과잉진료,시설",3
예온정신건강의학과의원,0.5,"자세한 설명,대기시간,비쌈",2
미래의원,0.5,"친절,대기시간,청결",8
토론토행복치과의원,0.5,"과잉진료,시설,친절",2
이철민치과의원,0.5,"친절,대기시간,청결",3
정치과의원,0.5,"과잉진료,친절,청결",2
로하셀한의원,0.5,"과잉진료,비쌈,친절",2
정성철정신건강의학과의원,0.5,"친절,자세한 설명,청결",2
동아의원,0.5,"대기시간,청결,친절",5
노원성모안과의원,0.5,"자세한 설명,친절,대기시간",8
박창후치과의원,0.5,"친절,저렴",2
성신웰치과의원,0.5,"자세한 설명,대기시간,청결",2
세일정형외과의원,0.5,"친절,자세한 설명,대기시간",7
아산드림의원,0.5,"친절,청결,자세한 설명",2
에스엔케이의원,0.5,"자세한 설명,친절,과잉진료",2
소생한의원,0.5,"친절,대기시간,과잉진료",3
송내과의원,0.5,"대기시간,친절,자세한 설명",5
수치과의원,0.5,"자세한 설명,친절,과잉진료",2
예랑마취통증의학과의원,0.5,"친절,자세한 설명",5
한마음가정의원,0.5,"친절,대기시간,청결",3
서울화이트치과의원,0.5,"친절,자세한 설명,대기시간",3
연세모아의원,0.0,"자세한 설명,청결,친절",2
아이맘정신건강의학과의원,0.0,,2
연세부부의원,0.0,"대기시간,과잉진료,친절",2
JK의원,0.0,추천,2
안의원,0.0,"청결,친절,자세한 설명",2
강안과의원,0.0,"대기시간,친절,자세한 설명",2
우리기쁜산부인과의원,0.0,"대기시간,친절,자세한 설명",2
오이비인후과의원,0.0,"대기시간,청결,자세한 설명",2
오승희산부인과의원,0.0,"자세한 설명,친절,대기시간",2
오제홍재활의학과의원,0.0,"자세한 설명,대기시간,청결",2
김영걸치과의원,0.0,"친절,추천,자세한 설명",2
구소아청소년과의원,0.0,"대기시간,친절,시설",4
JHW가인안과의원 강북센타,0.0,"대기시간,청결,자세한 설명",2
연세가정의학과,0.0,"친절,불친절,자세한 설명",2
신상윤내과의원,0.0,"자세한 설명,비쌈,불친절",2
한성한의원,0.0,"자세한 설명,친절,청결",2
수피부비뇨기과,0.0,친절,2
연세우리정형외과의원,0.0,"자세한 설명,대기시간,비쌈",2
수정한의원,0.0,"친절,대기시간,자세한 설명",21
굿모닝치과의원,0.0,"대기시간,과잉진료,청결",2
성북치과의원,0.0,"친절,비쌈,대기시간",2
성북하선의원,0.0,"청결,친절,자세한 설명",2
기쁜가정의학과의원,0.0,친절,4
태극한의원,0.0,친절,2
키움남성비뇨기과의원,0.0,,2
율치과교정과치과의원,0.0,"자세한 설명,대기시간,과잉진료",2
서울리더스치과의원,0.0,"친절,자세한 설명,대기시간",5
서울경희통합의원,0.0,"친절,자세한 설명,대기시간",2
유시원마취통증의학과의원,0.0,"비쌈,청결,친절",2
서울성형외과의원,0.0,친절,2
나음정신건강의학과의원,0.0,"친절,자세한 설명,대기시간",2
서울온샘치과의원,0.0,"친절,자세한 설명,과잉진료",2
원더플란트치과의원,0.0,"대기시간,비쌈,친절",2
월계수한의원,0.0,"친절,자세한 설명",2
플러스치과의원,0.0,친절,2
서울턱구강내과치과의원,0.0,"친절,자세한 설명,대기시간",2
서울하이치과의원,0.0,"친절,저렴,추천",2
우노비뇨기과의원,0.0,"대기시간,자세한 설명,친절",2
보스안과의원,0.0,"대기시간,친절,자세한 설명",5
샤인빔의원,0.0,"친절,비쌈,대기시간",6
노원 아이디의원,0.0,"친절,과잉진료,비쌈",2
노원 아이디치과의원,0.0,"친절,과잉진료,비쌈",2
태릉본비뇨기과의원,0.0,"자세한 설명,친절,대기시간",7
클린업피부과의원 노원점,0.0,"친절,자세한 설명,추천",44
보림한의원,0.0,"친절,자세한 설명,대기시간",2
이준영피부과의원,0.0,"자세한 설명,대기시간,친절",2
빈센트치과의원,0.0,"비쌈,대기시간,청결",2
이솜이비인후과의원,0.0,"자세한 설명,친절,대기시간",2
다솜이비인후과의원,0.0,"친절,자세한 설명,대기시간",7
닥터민치과의원,0.0,"대기시간,자세한 설명,비쌈",2
최강식내과의원,0.0,"대기시간,자세한 설명,친절",2
늘사랑의원,0.0,"친절,불친절,청결",4
이진형치과의원,0.0,"자세한 설명,대기시간,친절",2
노원연세하나로이비인후과의원,0.0,"친절,불친절,추천",15
노원플러스치과의원,0.0,"대기시간,추천,친절",5
덴타피아치과의원,0.0,추천,2
지인산부인과의원,0.0,"비쌈,자세한 설명,대기시간",2
중앙외과의원,0.0,"자세한 설명,대기시간,과잉진료",4
이호성비뇨기과의원,0.0,"친절,자세한 설명",2
정미치과의원,0.0,"비쌈,과잉진료,시설",4
미보치과의원,0.0,"대기시간,청결,친절",2
미래의원피부과,0.0,"친절,비쌈,자세한 설명",2
미담한의원,0.0,"친절,과잉진료,자세한 설명",32
박희운치과의원,0.0,"자세한 설명,대기시간,과잉진료",2
방이비인후과의원,0.0,"대기시간,친절,자세한 설명",2
로담한의원 노원점,0.0,친절,2
럼플란트치과의원,0.0,추천,2
정릉아산내과의원,0.0,"친절,자세한 설명,대기시간",2
정릉제일정형외과의원,0.0,"대기시간,청결,친절",2
자연과한의원 노원점,0.0,"친절,불친절,대기시간",4
박이비인후과의원,0.0,"대기시간,친절,자세한 설명",2
존스킨한의원 노원점,0.0,비쌈,2
모모한의원,0.0,,2
명동콤비치과의원,0.0,"친절,대기시간,자세한 설명",2
명성한의원,0.0,친절,2
메이퓨어의원 미아점,0.0,"대기시간,비쌈,자세한 설명",2
로하셀한의원 노원점,0.0,"비쌈,추천,저렴",14
준재활의학과의원,0.0,"대기시간,자세한 설명,과잉진료",2
정영기한의원,0.0,,2
리츠서울내과의원,0.0,"자세한 설명,대기시간,비쌈",2
휴킨스피부과의원,0.0,"자세한 설명,비쌈,불친절",5
화진한의원,0.0,"대기시간,추천,친절",2
W(더블유)치과의원,0.0,비쌈,2
희망요양병원,0.0,,2
강피부과의원,0.0,"대기시간,비쌈,불친절",2
현대척신경외과의원,0.0,"자세한 설명,대기시간,청결",2
호21C치과의원,0.0,"자세한 설명,과잉진료,비쌈",2
365봄이비인후과의원,-0.5,"자세한 설명,친절,대기시간",2
루트재활의학과의원,-0.5,"자세한 설명,비쌈,청결",2
제이내과의원,-0.5,"친절,자세한 설명,대기시간",6
연세밝은아이치과의원,-0.5,"과잉진료,친절,자세한 설명",2
수이비인후과,-0.5,"자세한 설명,청결,친절",2
신웅식내과의원,-0.5,"친절,자세한 설명,대기시간",2
김정피부과의원,-0.5,"자세한 설명,대기시간,친절",2
김준호소아과의원,-0.5,"자세한 설명,대기시간,친절",4
서울에스치과의원,-0.5,"청결,친절,자세한 설명",2
월곡바른재활의학과의원,-0.5,"자세한 설명,친절,청결",2
월곡나무치과의원,-0.5,"과잉진료,자세한 설명,대기시간",2
평화치과의원,-0.5,"친절,자세한 설명,과잉진료",4
서울성모의원,-0.5,"자세한 설명,청결,대기시간",2
서울가정의학과의원,-0.5,"친절,대기시간,청결",2
조인트정형외과의원,-0.5,"자세한 설명,대기시간,불친절",2
J스타일치과의원,-0.5,"비쌈,자세한 설명,친절",2
맑은머리신경과의원,-0.5,"자세한 설명,친절,청결",4
조인치과의원,-0.5,"대기시간,자세한 설명,추천",4
코리아정형외과의원,-0.5,"대기시간,친절,자세한 설명",4
천내과의원,-0.5,"대기시간,친절,자세한 설명",6
약초화한의원,-0.5,"친절,자세한 설명,비쌈",2
종각한의원,-0.5,"친절,자세한 설명,청결",2
이준희이비인후과의원,-0.5,"친절,자세한 설명,대기시간",4
서울정가정의학과의원,-0.5,"대기시간,청결,친절",6
벽계한의원,-0.5,"친절,대기시간,시설",4
봄빛서울의원,-0.5,"친절,자세한 설명,청결",2
참튼튼병원,-0.5,"대기시간,친절,자세한 설명",2
풀잎한의원,-0.5,"친절,자세한 설명",4
중계윌내과의원,-0.5,"친절,대기시간,추천",6
서호종의원,-0.5,"친절,자세한 설명,청결",2
동성제일한의원,-0.5,"자세한 설명,대기시간,비쌈",2
지동욱치과의원,-0.5,"친절,자세한 설명,과잉진료",2
기분조은이비인후과의원,-0.5,"친절,대기시간,시설",13
열린이비인후과의원,-0.5,"대기시간,친절,추천",8
연세휴치과의원 길음점,-0.5,"과잉진료,대기시간,친절",2
규림한의원,-0.5,친절,4
연세이치과의원,-1.0,"친절,자세한 설명,대기시간",1
연세웰치과의원,-1.0,친절,1
좋은꿈참사랑 한의원,-1.0,"자세한 설명,친절,청결",1
리안치과의원,-1.0,"과잉진료,친절,자세한 설명",1
로뎀나무치과의원,-1.0,"과잉진료,친절,자세한 설명",1
리라치과의원,-1.0,"과잉진료,친절,자세한 설명",1
심재철치과의원,-1.0,"친절,대기시간,시설",1
연세스마일치과의원,-1.0,"비쌈,친절,저렴",1
제일한의원,-1.0,"친절,자세한 설명,과잉진료",1
조성식치과의원,-1.0,"대기시간,과잉진료,친절",1
시중한의원,-1.0,추천,1
고침한의원,-1.0,"대기시간,추천",1
제일성모의원,-1.0,"대기시간,친절,자세한 설명",1
무릅부부한의원,-1.0,추천,1
무병한의원,-1.0,"친절,자세한 설명,청결",1
제일산부인과의원,-1.0,"자세한 설명,대기시간,비쌈",4
현대내과의원,-1.0,"친절,자세한 설명,대기시간",4
중계넘버원정형외과의원,-1.0,친절,1
안아파한의원,-1.0,"친절,자세한 설명,청결",1
명인치과의원,-1.0,"대기시간,자세한 설명,친절",1
명가정의학과의원,-1.0,"대기시간,친절,청결",1
메이드유의원,-1.0,"친절,추천,비쌈",5
정토한의원,-1.0,"과잉진료,친절,자세한 설명",1
중계수치과의원,-1.0,"대기시간,친절,자세한 설명",3
연세다나아마취통증의학과의원,-1.0,"자세한 설명,대기시간,친절",1
경희든든한의원,-1.0,"친절,청결,자세한 설명",1
경희느릅나무한의원,-1.0,비쌈,1
엘에이치과의원,-1.0,"친절,자세한 설명,청결",1
홍인한의원,-1.0,"비쌈,저렴,시설",1
365화사한의원,-1.0,"친절,자세한 설명,대기시간",1
권비뇨기과의원,-1.0,"대기시간,청결",1
기독한의원,-1.0,"친절,자세한 설명,추천",1
중국진한의원,-1.0,"대기시간,과잉진료,청결",1
동제의원,-1.0,"과잉진료,친절,자세한 설명",1
김가풍정형외과의원,-1.0,"친절,대기시간,자세한 설명",1
길음한의원,-1.0,"자세한 설명,친절,청결",1
길음아산척신경외과의원,-1.0,"친절,자세한 설명,대기시간",1
기파랑한의원,-1.0,"대기시간,비쌈,친절",1
열린마취통증의학과의원,-1.0,"자세한 설명,과잉진료,친절",1
열린소아청소년과의원,-1.0,"대기시간,친절,자세한 설명",1
동산치과의원,-1.0,"친절,대기시간,과잉진료",1
성모치과의원,-1.0,"친절,대기시간,자세한 설명",1
성모안과의원,-1.0,"친절,대기시간,자세한 설명",4
김기중내과의원,-1.0,친절,1
성모나무정신건강의학과의원,-1.0,"자세한 설명,비쌈,친절",4
한문수의원,-1.0,"친절,자세한 설명,대기시간",1
권내과의원,-1.0,"친절,대기시간,자세한 설명",6
연세주치과의원,-1.0,"자세한 설명,친절,대기시간",1
장수경희한의원,-1.0,"대기시간,과잉진료,청결",1
장남진치과의원,-1.0,"친절,대기시간,과잉진료",1
장위365경희한의원,-1.0,"친절,자세한 설명,청결",1
정릉바로척의원,-1.0,"친절,자세한 설명,대기시간",1
성신의원,-1.0,"대기시간,과잉진료,친절",1
성심가정의학과의원,-1.0,"친절,자세한 설명,청결",1
정릉부부치과의원,-1.0,"자세한 설명,대기시간,친절",1
성북아이정신건강의학과의원,-1.0,"친절,자세한 설명,청결",1
연세효상의원,-1.0,"자세한 설명,친절,대기시간",1
연우한의원,-1.0,"대기시간,친절,자세한 설명",1
속편해진내과의원,-1.0,"자세한 설명,대기시간,친절",1
송영훈소아청소년과의원,-1.0,"친절,자세한 설명,과잉진료",5
자연휴한의원,-1.0,"친절,저렴,시설",1
자윤한의원,-1.0,"친절,청결",1
연세피부과의원,-1.0,"자세한 설명,대기시간,친절",4
한재준치과의원,-1.0,"친절,대기시간,과잉진료",1
진성한의원,-1.0,"친절,자세한 설명,대기시간",1
보문치과의원,-1.0,"과잉진료,청결,친절",1
백산한의원,-1.0,"친절,자세한 설명,대기시간",1
밸런스EM의원,-1.0,"친절,자세한 설명,비쌈",1
배민득치과의원,-1.0,"대기시간,친절,비쌈",1
김영주내과의원,-1.0,"친절,자세한 설명,대기시간",1
김영학이비인후과의원,-1.0,"청결,친절,자세한 설명",1
김영헌정신과의원,-1.0,"친절,자세한 설명",3
김순진성형외과의원,-1.0,"친절,자세한 설명,대기시간",3
서울탑정신건강의학과의원,-1.0,"자세한 설명,대기시간,비쌈",1
용선한의원,-1.0,"청결,친절,자세한 설명",1
박재순신경정신과의원,-1.0,"친절,시설,비쌈",4
반석치과의원,-1.0,"대기시간,친절,자세한 설명",1
중계의원,-1.0,"대기시간,비쌈,친절",4
예한의원,-1.0,"자세한 설명,대기시간,친절",1
서울훈치과의원,-1.0,"친절,자세한 설명,청결",1
선진한의원,-1.0,"친절,비쌈,저렴",3
영라인의원,-1.0,"친절,자세한 설명,비쌈",1
김효석내과의원,-1.0,"대기시간,친절,자세한 설명",1
서울열린치과의원,-1.0,"대기시간,과잉진료,친절",4
서울안심치과의원,-1.0,"친절,자세한 설명",1
서울부부치과의원,-1.0,"대기시간,친절,자세한 설명",1
위대한내과의원,-1.0,"친절,대기시간,청결",4
위강한의원,-1.0,"친절,비쌈,저렴",1
편한을지의원,-1.0,"친절,시설,자세한 설명",5
꿈동산치과의원,-1.0,"친절,시설,과잉진료",7
차앤안치과의원,-1.0,"자세한 설명,친절,청결",1
더나은마취통증의학과의원,-1.0,"자세한 설명,친절,대기시간",1
브라보마취통증의학과의원,-1.0,"친절,자세한 설명,추천",1
서울이로운치과의원,-1.0,"친절,과잉진료,청결",1
서울이재석치과의원,-1.0,"청결,친절,불친절",1
우리의원,-1.0,"친절,자세한 설명,대기시간",4
서울N비뇨의학과의원 노원점,-1.0,"친절,자세한 설명",1
유영근이비인후과의원,-1.0,"친절,대기시간,청결",6
삼성조은내과의원,-1.0,"추천,신속",1
삼성바른내과의원,-1.0,"친절,자세한 설명,대기시간",6
다솜연세가정의학과의원,-1.0,"대기시간,과잉진료,청결",1
이은영치과의원,-1.0,"대기시간,과잉진료,자세한 설명",1
유명한의원,-1.0,"친절,청결,자세한 설명",1
유디치과의원,-1.0,"친절,자세한 설명,청결",1
상계율치과의원,-1.0,"친절,자세한 설명,대기시간",1
청담해독한의원,-1.0,친절,1
은빛가정의원,-1.0,"친절,자세한 설명,시설",1
윤앤정와이앤제이성형외과의원,-1.0,"대기시간,비쌈,저렴",1
키즈웰치과의원 길음점,-1.0,"친절,대기시간,자세한 설명",1
노원삼성정형외과의원,-1.0,"친절,자세한 설명,청결",1
토마스신경과의원,-1.0,"대기시간,친절,자세한 설명",1
윤이비인후과의원,-1.0,"친절,청결,추천",1
서경한의원,-1.0,"자세한 설명,대기시간,친절",1
은행나무한의원,-1.0,"친절,과잉진료,자세한 설명",1
다담한의원,-1.0,"친절,청결,비쌈",6
늘푸른한의원,-1.0,"자세한 설명,대기시간",1
눈에빛안과의원,-1.0,"자세한 설명,친절,대기시간",8
뉴욕굿모닝치과의원,-1.0,"과잉진료,친절,대기시간",1
노원한의원,-1.0,"대기시간,자세한 설명,친절",1
노원인플란트치과의원,-1.0,"친절,자세한 설명,대기시간",1
경희화목토한의원,-1.0,"대기시간,친절,자세한 설명",1
경희잘한다한의원,-1.0,"친절,자세한 설명",1
경희모세한의원,-1.0,친절,1
연세미소안치과의원,-1.0,"자세한 설명,친절,청결",1
에이원치과의원,-1.0,"친절,대기시간,신속",3
존스킨한의원,-1.0,"자세한 설명,친절,청결",1
황치과의원,-1.0,"친절,자세한 설명,대기시간",1
경귀준치과의원,-1.0,"비쌈,저렴",1
엔젤소아청소년과의원,-1.5,"친절,자세한 설명,과잉진료",1
엔유아이씨치과의원,-1.5,"친절,청결,불친절",1
365본맥한의원,-1.5,"자세한 설명,친절,청결",1
효담한의원,-1.5,"자세한 설명,친절,대기시간",1
가람한의원,-1.5,"대기시간,비쌈,저렴",1
홍요한내과의원,-1.5,"친절,자세한 설명,청결",1
맘편한내과의원,-1.5,"대기시간,친절,자세한 설명",1
마디척한의원,-1.5,"자세한 설명,친절,비쌈",1
경희효한의원,-1.5,"자세한 설명,비쌈,친절",1
경희허브한의원,-1.5,"친절,자세한 설명,대기시간",1
경희탑한의원,-1.5,자세한 설명,1
경희용한의원,-1.5,"친절,비쌈",1
경희숲한의원,-1.5,"친절,자세한 설명,청결",1
경희비웰한의원,-1.5,"친절,자세한 설명,대기시간",1
경희부부한의원,-1.5,"자세한 설명,친절,청결",1
연세미페이스치과의원,-1.5,"친절,자세한 설명,청결",1
약선당부부한의원,-1.5,"친절,비쌈,자세한 설명",1
경희강한의원,-1.5,"청결,친절,자세한 설명",1
누가한의원,-1.5,"대기시간,청결,친절",1
노충희비뇨기과의원,-1.5,"친절,자세한 설명",1
코아한의원,-1.5,"친절,대기시간,시설",1
치유한의원,-1.5,"친절,비쌈,자세한 설명",1
추교영내과의원,-1.5,"대기시간,친절,자세한 설명",5
최의원,-1.5,"대기시간,친절,과잉진료",1
최응규내과의원,-1.5,"친절,자세한 설명,청결",1
이고른치과의원,-1.5,"과잉진료,친절",1
이경태치과의원,-1.5,"자세한 설명,과잉진료,친절",1
서울NEW치과,-1.5,"친절,자세한 설명,비쌈",1
의료법인열린의료재단혜화열린의원,-1.5,"청결,친절,자세한 설명",1
참한의원,-1.5,"친절,자세한 설명,저렴",1
새서울연합의원,-1.5,"자세한 설명,대기시간,비쌈",1
새봄재활의학과의원,-1.5,"자세한 설명,대기시간,친절",3
상계연세하나로이비인후과의원,-1.5,"친절,대기시간,자세한 설명",7
상계신경정신과의원,-1.5,"자세한 설명,친절,대기시간",1
이보영소아청소년과의원,-1.5,"대기시간,친절,자세한 설명",1
이라소아과의원,-1.5,"친절,자세한 설명,대기시간",1
이광기치과의원,-1.5,"친절,대기시간,비쌈",3
큐빅산부인과의원,-1.5,"친절,대기시간,청결",3
노원 다담한의원,-1.5,"친절,자세한 설명,청결",1
탑경희한의원,-1.5,"친절,대기시간,청결",1
키즈니치과의원,-1.5,"추천,친절,비쌈",3
서울명인치과,-1.5,"대기시간,청결,친절",1
서울메이플치과교정과치과의원,-1.5,"친절,대기시간,청결",1
서울더바른치과교정과치과의원,-1.5,"친절,자세한 설명,대기시간",3
유정의원,-1.5,"대기시간,친절,자세한 설명",1
상계맑은내과의원,-1.5,"친절,불친절,자세한 설명",1
삼성탑마취통증의학과의원,-1.5,"자세한 설명,대기시간,청결",1
삼성키즈소아청소년과의원,-1.5,"친절,대기시간,신속",1
삼성연합의원,-1.5,"친절,자세한 설명,저렴",1
삼성손앤박이비인후과의원,-1.5,"자세한 설명,대기시간,친절",1
이종립한의원,-1.5,"자세한 설명,대기시간,과잉진료",1
이제룡가정의학과의원,-1.5,"친절,자세한 설명,청결",1
"이정균내과의원(구,장명의원)",-1.5,"자세한 설명,친절,청결",1
이원재한의원,-1.5,"대기시간,비쌈,자세한 설명",1
이상구내과의원,-1.5,"비쌈,자세한 설명,과잉진료",1
닥터김의원,-1.5,"대기시간,친절,자세한 설명",1
닥터김마취통증의학과의원·한의원,-1.5,"자세한 설명,청결,친절",1
윈치과의원,-1.5,"대기시간,청결,자세한 설명",1
서울산부인과의원,-1.5,"자세한 설명,친절",1
웰비뇨기과의원,-1.5,"자세한 설명,친절,대기시간",1
월곡한의원,-1.5,"친절,자세한 설명,청결",1
편한내일마취통증의학과의원,-1.5,"친절,자세한 설명,대기시간",1
김희균치과의원,-1.5,"자세한 설명,비쌈,대기시간",1
편안한경희한의원,-1.5,"대기시간,비쌈,친절",1
튼튼소아과의원,-1.5,"대기시간,자세한 설명,과잉진료",1
튼튼마디한의원,-1.5,"친절,대기시간,청결",1
월계현대치과의원,-1.5,"대기시간,과잉진료,자세한 설명",1
월계내과의원,-1.5,"친절,자세한 설명,대기시간",1
웃는이치과의원,-1.5,"자세한 설명,대기시간,청결",1
웃는아이치과의원,-1.5,"자세한 설명,대기시간,친절",1
서울예담치과,-1.5,"친절,자세한 설명,대기시간",1
서울연합의원,-1.5,"친절,자세한 설명,대기시간",1
서울에이스치과의원,-1.5,"자세한 설명,대기시간,과잉진료",1
서울아트치과의원,-1.5,"친절,자세한 설명,과잉진료",1
참사랑의원,-1.5,친절,1
참경희한의원,-1.5,"친절,자세한 설명,대기시간",1
차한의원,-1.5,"친절,자세한 설명,청결",1
더서울치과의원,-1.5,"비쌈,자세한 설명,대기시간",1
더블유치과의원,-1.5,"친절,대기시간,청결",1
사랑담은치과의원,-1.5,"자세한 설명,청결,친절",1
비타민한의원,-1.5,"대기시간,자세한 설명,친절",1
비타민가정의원,-1.5,"친절,자세한 설명,신속",1
이태희가정의학과의원,-1.5,"대기시간,추천,친절",1
이태형한의원,-1.5,"친절,대기시간,자세한 설명",3
이철환치과의원,-1.5,"과잉진료,친절,자세한 설명",1
이종호비뇨기과의원,-1.5,"자세한 설명,대기시간,비쌈",1
서울아인치과의원,-1.5,"자세한 설명,대기시간,비쌈",1
서울아르떼치과의원,-1.5,"과잉진료,청결,친절",1
서울제이내과의원,-1.5,"친절,자세한 설명,대기시간",1
서울이편한치과의원,-1.5,"친절,자세한 설명,비쌈",3
우성연합의원,-1.5,"과잉진료,친절,자세한 설명",1
우리이비인후과의원,-1.5,"자세한 설명,친절,과잉진료",1
우리봄소아청소년과의원,-1.5,"대기시간,친절,자세한 설명",1
김종섭한의원,-1.5,"친절,자세한 설명,과잉진료",1
김재면내과의원,-1.5,"친절,자세한 설명,대기시간",5
김장욱가정의학과의원,-1.5,"친절,자세한 설명,청결",1
덕생당한의원,-1.5,"친절,자세한 설명,대기시간",1
더조은내과의원,-1.5,"친절,시설",1
이홍석한의원,-1.5,"친절,자세한 설명,대기시간",1
봉사당한의원,-1.5,"과잉진료,친절,자세한 설명",1
백두산한의원,-1.5,"친절,자세한 설명,대기시간",5
사암늘쾌차한의원,-1.5,"친절,청결,시설",1
참좋은경희한의원,-1.5,"친절,자세한 설명,청결",1
김이비인후과의원,-1.5,"친절,시설,추천",5
김영호외과의원,-1.5,"자세한 설명,친절,청결",1
피터팬치과의원,-1.5,"친절,불친절,자세한 설명",1
프라임치과의원,-1.5,"자세한 설명,친절,청결",1
우리가정의학과의원,-1.5,"자세한 설명,대기시간,친절",1
온치과의원,-1.5,"자세한 설명,친절,대기시간",1
서울한의원,-1.5,"친절,자세한 설명,대기시간",1
서울진소아청소년과의원,-1.5,"친절,자세한 설명,청결",1
선우치과의원,-1.5,"비쌈,친절,자세한 설명",1
김영명이비인후과의원,-1.5,"대기시간,저렴,친절",1
김영돈여성외과의원,-1.5,"친절,자세한 설명,비쌈",1
김앤박내과의원,-1.5,"친절,대기시간,불친절",3
김성현이비인후과의원,-1.5,"대기시간,친절,자세한 설명",1
김선영소아과의원,-1.5,"친절,대기시간,자세한 설명",1
하하치과의원,-1.5,"대기시간,비쌈,청결",1
하늘체한의원,-1.5,"저렴,친절,비쌈",1
하나정신건강의학과의원,-1.5,"대기시간,비쌈,청결",1
하나의원,-1.5,"자세한 설명,대기시간,친절",1
선맥씨라인한의원,-1.5,"친절,자세한 설명,대기시간",1
석계치과의원,-1.5,친절,1
석계고운이치과의원,-1.5,"과잉진료,친절,자세한 설명",1
성문의원,-1.5,"자세한 설명,대기시간,친절",3
발머스한의원,-1.5,"대기시간,친절,자세한 설명",1
박화영소아청소년과의원,-1.5,"친절,자세한 설명,대기시간",1
박치과의원,-1.5,"친절,대기시간,과잉진료",1
인선소아과의원,-1.5,"대기시간,친절,자세한 설명",1
동의보감한의원,-1.5,"친절,대기시간,과잉진료",1
동그라미한의원,-1.5,자세한 설명,1
돈암성모내과의원,-1.5,"친절,과잉진료,청결",1
도손한의원,-1.5,"친절,대기시간,청결",1
도봉적성의원,-1.5,"대기시간,친절,자세한 설명",1
도경한의원,-1.5,"친절,자세한 설명,청결",1
성모의원,-1.5,"친절,대기시간,자세한 설명",1
성모연합의원,-1.5,친절,1
성동한의원,-1.5,"대기시간,친절,자세한 설명",1
선한마음치과의원,-1.5,"과잉진료,친절,자세한 설명",3
선치과의원,-1.5,"자세한 설명,대기시간,과잉진료",1
예감치과의원,-1.5,"친절,청결,자세한 설명",1
영치과의원,-1.5,"대기시간,자세한 설명,과잉진료",1
한상호내과의원,-1.5,"친절,자세한 설명,대기시간",1
한마음의원,-1.5,"친절,대기시간,비쌈",1
임충모한의원,-1.5,"자세한 설명,친절,청결",1
박앤김내과의원,-1.5,"대기시간,자세한 설명,청결",1
박순옥산부인과의원,-1.5,"친절,청결,자세한 설명",1
박소아청소년과의원,-1.5,"친절,자세한 설명,대기시간",1
박상현소아청소년과의원,-1.5,"대기시간,자세한 설명,청결",1
박상근신경외과의원,-1.5,"대기시간,과잉진료,자세한 설명",1
바른임플치과의원,-1.5,청결,1
중앙내과의원,-1.5,"자세한 설명,친절,불친절",1
중앙기독의원,-1.5,"자세한 설명,친절,대기시간",1
로담한의원,-1.5,"비쌈,친절,저렴",1
라피아의원,-1.5,"친절,자세한 설명,대기시간",1
두기한의원,-1.5,"대기시간,청결,친절",1
동일한의원,-1.5,"친절,자세한 설명,청결",1
중계튼튼의원,-1.5,"친절,추천,자세한 설명",5
김경수내과의원,-1.5,"자세한 설명,친절,대기시간",5
길음경희용한의원,-1.5,"친절,자세한 설명,대기시간",1
성지치과의원,-1.5,"친절,자세한 설명,대기시간",1
성북아이한의원,-1.5,"자세한 설명,과잉진료,친절",1
성북센트럴치과의원,-1.5,"친절,비쌈,청결",1
정가정의학과의원,-1.5,"자세한 설명,친절",1
장위이사랑치과의원,-1.5,"자세한 설명,친절,비쌈",1
바른몸채담한의원,-1.5,"자세한 설명,친절,과잉진료",1
민들레한의원,-1.5,"대기시간,자세한 설명,추천",1
미치과의원,-1.5,"과잉진료,친절,대기시간",3
미즈아이의원,-1.5,"친절,대기시간",1
미주마취통증의학과의원,-1.5,"대기시간,비쌈,청결",1
자숨한의원,-1.5,"친절,자세한 설명,청결",1
임플라인치과의원,-1.5,"과잉진료,자세한 설명,대기시간",1
소재진한의원,-1.5,"친절,자세한 설명,시설",1
세화소아청소년과의원,-1.5,"대기시간,친절,자세한 설명",1
세조의원,-1.5,"친절,대기시간,자세한 설명",1
연세하늘재활의학과의원,-1.5,"친절,청결,자세한 설명",1
금문치과의원,-1.5,"과잉진료,친절,자세한 설명",1
굿프렌마취통증의학과의원,-1.5,"자세한 설명,대기시간,비쌈",1
굿모닝플러스외과의원,-1.5,"자세한 설명,친절,대기시간",1
굿데이이비인후과의원,-1.5,"청결,자세한 설명,친절",1
한음 한방신경정신과 한의원,-1.5,"자세한 설명,친절,비쌈",1
연세준치과의원,-1.5,"자세한 설명,대기시간,과잉진료",1
연세주니어치과의원,-1.5,과잉진료,1
수비경희한의원,-1.5,"친절,자세한 설명,청결",1
송치과의원,-1.5,"자세한 설명,과잉진료,친절",1
연세우리치과의원,-1.5,"대기시간,친절,자세한 설명",1
연세안치과의원,-1.5,"친절,자세한 설명,청결",1
연세아너스치과의원,-1.5,대기시간,1
연세스타치과의원,-1.5,"친절,과잉진료,자세한 설명",1
좋은날치과의원,-1.5,"비쌈,청결,친절",1
리츠서울신경과의원,-1.5,"자세한 설명,친절,대기시간",1
리안성형외과의원,-1.5,"자세한 설명,대기시간",1
로젤의원,-1.5,"친절,자세한 설명",1
정릉치과의원,-1.5,"자세한 설명,친절,대기시간",1
미소진치과의원,-1.5,"대기시간,비쌈,청결",1
무척신통한의원,-1.5,"대기시간,친절,비쌈",3
무지개정신건강의학과의원,-1.5,"친절,대기시간,비쌈",1
정릉이비인후과의원,-1.5,"자세한 설명,친절,대기시간",1
정릉손정신건강의학과의원,-1.5,"청결,친절,자세한 설명",1
정릉성모내과의원,-1.5,"자세한 설명,대기시간,청결",1
아미치과의원,-1.5,"청결,친절,대기시간",1
아린정신건강의학과의원,-1.5,"비쌈,대기시간,불친절",1
씨에스치과의원,-1.5,"대기시간,과잉진료,비쌈",1
신통방통마취통증의학과의원,-1.5,"친절,자세한 설명,대기시간",1
신용제이비인후과의원,-1.5,"대기시간,과잉진료,시설",1
신내과의원,-1.5,"친절,자세한 설명,대기시간",1
시카고치과의원,-1.5,"과잉진료,친절,대기시간",1
시카고백중치과의원,-1.5,"친절,대기시간,비쌈",1
구명삼치과의원,-1.5,"비쌈,친절,대기시간",3
고성종의원,-1.5,"대기시간,자세한 설명,친절",1
고려척척마취통증의학과의원,-1.5,"대기시간,청결,친절",1
무양한의원,-1.5,"청결,친절,자세한 설명",1
명성하한의원,-1.5,"대기시간,친절,자세한 설명",1
정앤남의원,-1.5,"친절,자세한 설명,비쌈",1
현담한의원,-1.5,"자세한 설명,친절,비쌈",1
허내과의원,-1.5,"자세한 설명,대기시간,친절",1
행복한마음한의원,-1.5,"친절,청결,시설",1
행복한가정의학과의원,-1.5,"자세한 설명,과잉진료,청결",1
햇살가득한의원,-1.5,"친절,자세한 설명,대기시간",1
해율한의원,-1.5,"친절,자세한 설명,비쌈",1
해독한의원,-1.5,"친절,자세한 설명,대기시간",1
안성민치과의원,-1.5,"대기시간,친절,추천",3
아이사랑소아청소년과의원,-1.5,"친절,청결,자세한 설명",1
아이I소아청소년과의원,-1.5,"친절,자세한 설명,청결",1
아산키즈소아청소년과의원,-1.5,"비쌈,친절,자세한 설명",1
연세선경의원,-1.5,"자세한 설명,친절,청결",1
연세본치과의원,-1.5,"자세한 설명,과잉진료,친절",1
강북연세미치과의원,-1.5,"친절,대기시간,비쌈",1
현대여성산부인과의원,-1.5,"청결,친절,대기시간",1
현치과의원,-1.5,"대기시간,과잉진료,친절",1
365MC의원 노원점,-1.5,"자세한 설명,친절,대기시간",1
호수빈한의원,-1.5,"대기시간,친절,자세한 설명",1
365봄한의원,-1.5,"친절,자세한 설명",1
호한의원,-1.5,"청결,친절,자세한 설명",1
공릉서울치과의원,-2.0,"친절,대기시간,청결",2
고려의원,-2.0,"대기시간,친절,자세한 설명",2
홍종수한의원,-2.0,"비쌈,저렴,친절",2
휴플러스치과의원,-2.0,"대기시간,자세한 설명,비쌈",2
휴앤힐정신건강의학과의원,-2.0,"친절,불친절,자세한 설명",2
노원빛사랑안과의원,-2.0,"친절,대기시간,자세한 설명",7
에이스항외과의원,-2.0,"친절,과잉진료,시설",7
연세임플치과교정과치과의원,-2.0,"친절,자세한 설명,비쌈",2
연세화랑의원,-2.0,"친절,대기시간,불친절",5
키움남성비뇨기과의원 노원,-2.0,"자세한 설명,청결,추천",2
플러스후의원 노원점,-2.0,"비쌈,저렴,자세한 설명",20
숨편한인광호내과의원,-2.0,"자세한 설명,친절,청결",2
당고개정형외과의원,-2.0,"대기시간,추천,자세한 설명",2
노원신경정신과의원,-2.0,"대기시간,자세한 설명,시설",2
W서울화이트치과의원,-2.0,"비쌈,대기시간,자세한 설명",2
민현조내과의원,-2.0,"친절,대기시간,불친절",5
미앤미의원,-2.0,"대기시간,자세한 설명,친절",2
김덕치과의원,-2.0,"친절,대기시간,과잉진료",2
함께걸음마을치과의원,-2.0,"과잉진료,저렴,시설",2
함영백소아과의원,-2.0,"친절,자세한 설명,대기시간",4
서울미소그린치과의원,-2.0,"과잉진료,비쌈,친절",2
맑고밝은이비인후과의원,-2.0,"친절,청결,대기시간",5
용가정의학과의원,-2.0,"청결,친절,자세한 설명",2
김천수 한의원,-2.0,"친절,자세한 설명,대기시간",2
뮤즈의원,-2.0,"자세한 설명,비쌈",2
하동욱안과의원,-2.0,"대기시간,시설,친절",5
하얀J피부과의원,-2.0,"대기시간,친절,자세한 설명",9
하얀미소치과교정과치과의원,-2.0,"대기시간,친절,청결",2
하늘마음한의원,-2.0,"친절,대기시간,자세한 설명",2
마들웰치과의원,-2.0,"청결,자세한 설명,대기시간",5
맑을아 의원,-2.0,"친절,비쌈,신속",2
권오민마취통증의학과의원,-2.0,"친절,자세한 설명",2
문비뇨기과의원,-2.0,"친절,자세한 설명,비쌈",9
장일중내과의원,-2.0,"대기시간,친절,추천",4
정릉경희한의원,-2.0,"청결,친절,자세한 설명",2
이지성형외과의원,-2.0,"대기시간,자세한 설명,추천",2
박현숙소아청소년과의원,-2.0,"친절,청결,시설",2
비타민치과의원,-2.0,"친절,대기시간,자세한 설명",2
장대국내과의원,-2.0,"친절,신속,불친절",2
이해박는집치과의원,-2.0,"친절,자세한 설명,청결",2
애플소아과의원,-2.0,"친절,자세한 설명,대기시간",2
김희규이비인후과의원,-2.0,"대기시간,친절,자세한 설명",7
경희김영환한의원,-2.0,"자세한 설명,추천,친절",50
이안치과,-2.0,"친절,자세한 설명,청결",2
상계심내과의원,-2.0,"친절,대기시간,자세한 설명",7
노원자생한방병원,-2.5,"친절,대기시간,청결",2
노원마디본의원,-2.5,"친절,자세한 설명,과잉진료",2
연세이너힐의원,-2.5,"자세한 설명,대기시간,비쌈",2
송찬우마취통증의학과의원,-2.5,"자세한 설명,과잉진료,친절",2
에스유마취통증의학과의원,-2.5,"대기시간,친절,자세한 설명",2
포에버의원,-2.5,"자세한 설명,청결,친절",2
편한미소치과의원,-2.5,"친절,자세한 설명,대기시간",2
남서울내과의원,-2.5,"친절,자세한 설명,불친절",2
퀸스메디산부인과의원,-2.5,"대기시간,자세한 설명,친절",6
나비드치과의원,-2.5,"친절,자세한 설명,청결",4
소망한의원,-2.5,"대기시간,추천,친절",2
센트럴치과의원,-2.5,"친절,자세한 설명,대기시간",2
연세힐정신건강의학과의원,-2.5,"자세한 설명,대기시간,친절",2
스마트의원,-2.5,"자세한 설명,대기시간,친절",2
연세소울정신건강의학과의원,-2.5,"대기시간,친절,자세한 설명",2
훈치과의원,-2.5,"대기시간,자세한 설명,친절",2
노원방사선과의원,-2.5,"자세한 설명,대기시간,친절",2
노원백비뇨기과의원,-2.5,"대기시간,과잉진료,비쌈",2
라더마의원,-2.5,"친절,대기시간,비쌈",2
중계퍼스트정형외과의원,-2.5,"자세한 설명,과잉진료,친절",2
중앙드림치과의원,-2.5,"자세한 설명,비쌈,친절",2
수비뇨기과의원,-2.5,"친절,자세한 설명,비쌈",2
온누리산부인과의원,-2.5,"자세한 설명,대기시간,청결",2
온마들한의원,-2.5,"대기시간,청결,친절",2
서울효치과의원,-2.5,"과잉진료,청결,친절",2
중앙의원,-2.5,"대기시간,친절,자세한 설명",2
노원센트럴의원,-2.5,"친절,청결,추천",2
중앙정형외과의원,-2.5,"친절,대기시간,자세한 설명",2
중앙치과의원,-2.5,"자세한 설명,비쌈,친절",2
코숨온누리한의원,-2.5,"대기시간,친절,비쌈",2
동문치과의원,-2.5,"대기시간,친절,자세한 설명",2
노신경외과의원,-2.5,"친절,자세한 설명,청결",2
참이비인후과의원,-2.5,"대기시간,청결,자세한 설명",2
더웰내과의원,-2.5,"친절,자세한 설명,대기시간",2
열린성모정신건강의학과의원,-2.5,"친절,대기시간,자세한 설명",2
영재한의원,-2.5,"자세한 설명,비쌈,친절",2
예가치과의원,-2.5,"친절,자세한 설명,대기시간",2
뉴연세치과의원,-2.5,"비쌈,자세한 설명,청결",2
최와김내과의원,-2.5,"친절,자세한 설명,대기시간",2
아이세상치과의원,-2.5,"친절,자세한 설명,과잉진료",2
신항외과의원,-2.5,"대기시간,친절,자세한 설명",2
아름다운여성의원,-2.5,"자세한 설명,친절,추천",4
최준내과의원,-2.5,"친절,청결,자세한 설명",2
최현주영상의학과의원,-2.5,"자세한 설명,친절,대기시간",2
태화한의원,-2.5,"자세한 설명,대기시간,친절",2
최정호이비인후과의원,-2.5,"친절,자세한 설명,대기시간",2
노원이서진내과의원,-2.5,"친절,대기시간,추천",4
연세사랑니치과의원,-2.5,"자세한 설명,대기시간,비쌈",2
노종호치과의원,-2.5,"대기시간,친절,자세한 설명",2
하늘치과의원,-2.5,"비쌈,친절,자세한 설명",2
종암연세휴치과의원,-2.5,"친절,대기시간,청결",2
우리연세재활의학과의원,-2.5,"대기시간,친절,청결",2
서울온치과의원,-2.5,"비쌈,과잉진료,자세한 설명",2
서울이잘난치과교정과치과의원,-2.5,"자세한 설명,친절,대기시간",2
서울제니스치과의원,-2.5,"대기시간,친절,과잉진료",4
서울정치과의원,-2.5,"자세한 설명,대기시간,비쌈",2
조가정의학과의원,-2.5,"대기시간,친절,시설",2
종암본정형외과의원,-2.5,"자세한 설명,친절,청결",2
김대현내과의원,-2.5,"대기시간,친절,자세한 설명",2
김앤조서울정형외과의원,-2.5,"친절,자세한 설명,대기시간",2
선두외과의원,-2.5,"대기시간,친절,자세한 설명",5
미소천사치과의원,-2.5,"친절,자세한 설명,비쌈",2
메이드유의원 노원점,-2.5,"대기시간,친절,자세한 설명",2
조세종치과의원,-2.5,"자세한 설명,비쌈,저렴",2
미유여성외과의원,-2.5,"친절,대기시간,자세한 설명",4
한솔내과의원,-2.5,"대기시간,친절,자세한 설명",2
정의원,-2.5,"자세한 설명,친절,청결",2
김성경내과의원,-2.5,"자세한 설명,대기시간,친절",2
서울하이안치과의원 길음점,-2.5,"과잉진료,친절,자세한 설명",2
선이고운연세치과의원,-2.5,"자세한 설명,대기시간,친절",2
김용재이비인후과의원,-2.5,"친절,자세한 설명,대기시간",2
김윤호서울외과의원,-2.5,"친절,자세한 설명,대기시간",2
미래신경과의원,-2.5,"자세한 설명,대기시간,친절",5
김인식내과의원,-2.5,"자세한 설명,친절,대기시간",2
서울에이스정형외과의원 노원,-2.5,친절,2
서울안과의원,-2.5,"대기시간,친절,시설",4
중계은행사거리마취통증의학과의원,-2.5,"친절,자세한 설명,대기시간",2
중계우리들의원,-2.5,"대기시간,친절,자세한 설명",2
진내과의원,-2.5,"자세한 설명,대기시간,친절",2
좋은이비인후과의원,-2.5,"친절,대기시간,자세한 설명",2
등초당한의원,-2.5,"자세한 설명,대기시간,친절",2
두산의원,-2.5,"청결,친절,자세한 설명",2
새서울정형외과의원,-2.5,"대기시간,친절,자세한 설명",2
굳쎈정형외과의원,-2.5,"자세한 설명,대기시간,친절",5
서울미소치과의원,-2.5,"비쌈,청결,친절",2
새연세정형외과의원,-2.5,"과잉진료,대기시간,친절",5
서울바른닥터치과의원,-2.5,"자세한 설명,청결,대기시간",2
방용석한의원,-2.5,"친절,대기시간",2
서울수락치과의원,-2.5,"자세한 설명,과잉진료,친절",2
서울본치과의원,-2.5,"자세한 설명,친절,대기시간",2
박규호내과의원,-2.5,"자세한 설명,대기시간,과잉진료",2
박명제치과의원,-2.5,"대기시간,자세한 설명,비쌈",2
박성원치과의원,-2.5,"비쌈,자세한 설명,대기시간",4
박가정의학과의원,-2.5,"대기시간,친절,비쌈",2
정시전내과의원,-2.5,"자세한 설명,친절,청결",2
정형근내과의원,-2.5,"자세한 설명,친절,청결",2
정정권치과의원,-2.5,"비쌈,대기시간,자세한 설명",2
보문제일의원,-2.5,"대기시간,친절,자세한 설명",2
삼선서울내과의원,-2.5,"자세한 설명,친절,대기시간",2
삼성더맑은이비인후과의원,-2.5,"친절,청결",2
백내과의원,-2.5,"친절,대기시간,자세한 설명",4
장애숙산부인과의원,-2.5,"친절,대기시간,청결",4
장대환내과의원,-2.5,"대기시간,청결,친절",2
임충남치과의원,-2.5,"자세한 설명,친절,대기시간",2
박성제내과의원,-2.5,"친절,자세한 설명,대기시간",2
문가정의학과의원,-2.5,"자세한 설명,대기시간,친절",4
서울고운치과의원,-2.5,"자세한 설명,청결,대기시간",2
서울S플러스치과의원,-2.5,"청결,친절,자세한 설명",2
상계아산내과의원,-2.5,"친절,대기시간,비쌈",2
유디치과의원 성신여대점,-2.5,"친절,비쌈,청결",2
위앤장이원표내과의원,-2.5,"친절,대기시간,자세한 설명",2
백소아과의원,-2.5,"친절,대기시간",2
서울드림재활의학과의원,-2.5,"자세한 설명,청결,친절",2
서울글로우안과의원,-2.5,"친절,대기시간,청결",2
박준범치과의원,-2.5,"친절,대기시간,과잉진료",2
박피부과의원,-2.5,"친절,자세한 설명,대기시간",2
삼송한의원,-2.5,"친절,추천,자세한 설명",10
상계가정의원,-2.5,"친절,대기시간,자세한 설명",2
새힘병원,-2.5,"대기시간,비쌈,청결",2
윤내과의원,-2.5,"대기시간,친절,자세한 설명",2
서영택치과의원,-2.5,"친절,대기시간,과잉진료",2
이룸치과의원,-2.5,"자세한 설명,친절,청결",2
장위성모정형외과의원,-2.5,"자세한 설명,대기시간,비쌈",2
사람인치과의원,-2.5,"자세한 설명,친절,대기시간",2
부령한의원,-2.5,"친절,대기시간,저렴",2
상쾌한아침외과의원,-2.5,"친절,과잉진료,자세한 설명",6
이스터치과의원,-2.5,"청결,친절,대기시간",2
이상주치과의원,-2.5,"자세한 설명,대기시간,청결",2
인연합치과의원,-2.5,"친절,대기시간,청결",2
임지연소아과의원,-2.5,"친절,대기시간,자세한 설명",2
햇빛속에치과의원,-2.5,"대기시간,청결,친절",2
현대가정의학과의원,-2.5,"자세한 설명,저렴,추천",2
이바른치과교정과치과의원,-2.5,"대기시간,비쌈,청결",2
이바른치과의원,-2.5,"대기시간,비쌈,청결",2
상계성모정형외과의원,-2.5,"대기시간,시설,친절",2
권강진정형외과의원,-2.5,"대기시간,자세한 설명,청결",2
경희미한의원,-2.5,"친절,자세한 설명,추천",2
글로리한의원 성신여대,-2.5,"친절,자세한 설명,비쌈",2
김호철방사선과의원,-2.5,"자세한 설명,대기시간,친절",2
공릉성모마취통증의학과의원,-2.5,"친절,과잉진료,대기시간",2
홍성환산부인과의원,-2.5,"비쌈,친절,자세한 설명",2
화한의원,-2.5,"대기시간,자세한 설명,친절",2
현대중앙의원,-2.5,"대기시간,청결,친절",2
강북삼성의원,-2.5,"친절,자세한 설명,과잉진료",2
감동치과의원,-2.5,"친절,자세한 설명,청결",2
경희오늘한의원,-2.5,"친절,자세한 설명,청결",2
365열린의원,-3.0,친절,9
88플러스내과산부인과의원,-3.0,"친절,자세한 설명,청결",2
CNP차앤박피부과의원 성신여대점,-3.0,"대기시간,비쌈,자세한 설명",2
화랑윤치과의원,-3.0,"과잉진료,자세한 설명,친절",2
강북연세병원,-3.0,"친절,자세한 설명,대기시간",2
강북이지함피부과의원,-3.0,"친절,자세한 설명,대기시간",2
안이비인후과의원,-3.0,"친절,대기시간,자세한 설명",2
공릉의원,-3.0,"자세한 설명,대기시간,친절",2
연세수내과의원,-3.0,"자세한 설명,대기시간,과잉진료",2
아비쥬의원,-3.0,"대기시간,비쌈,친절",2
해맑은이비인후과의원,-3.0,"친절,청결,자세한 설명",2
해인정형외과,-3.0,"대기시간,친절,청결",2
햇살좋은안과의원,-3.0,"비쌈,대기시간,자세한 설명",2
행복한제이피부과의원,-3.0,"친절,자세한 설명,대기시간",2
이민수정신건강의학과의원,-3.0,"친절,자세한 설명,청결",2
브라운스톤치과의원,-3.0,"자세한 설명,대기시간,친절",2
새봄안과의원,-3.0,"대기시간,자세한 설명,청결",2
이상한나라 앨리스치과,-3.0,"자세한 설명,친절,대기시간",2
이소진의원,-3.0,"대기시간,친절,비쌈",2
이수스마트치과의원,-3.0,"비쌈,대기시간,자세한 설명",2
이인섭안과의원,-3.0,"대기시간,자세한 설명,비쌈",2
삼성드림소아청소년과의원,-3.0,"자세한 설명,대기시간,친절",2
삼성드림이비인후과의원 노원점,-3.0,"대기시간,친절,자세한 설명",2
인애한의원,-3.0,"친절,자세한 설명,추천",2
임명준안과의원,-3.0,"대기시간,청결,친절",2
삼혜이비인후과의원,-3.0,"대기시간,자세한 설명,친절",2
이주석치과의원,-3.0,"친절,청결,자세한 설명",2
윤영근내과의원,-3.0,"자세한 설명,대기시간,친절",2
윤홍선내과의원,-3.0,"친절,자세한 설명,대기시간",2
은혜부부치과의원은혜부부치과의원,-3.0,"친절,자세한 설명,비쌈",2
이가영산부인과의원,-3.0,"친절,대기시간,불친절",6
삼성본정형외과의원,-3.0,"친절,청결,자세한 설명",2
삼성프렌드의원,-3.0,"친절,자세한 설명,대기시간",2
샛별의원,-3.0,"대기시간,자세한 설명,비쌈",2
생기한의원,-3.0,"자세한 설명,친절,비쌈",2
샤인치과교정과치과병원,-3.0,"비쌈,친절,자세한 설명",2
서울H치과의원,-3.0,"친절,자세한 설명,대기시간",2
이든피부과의원,-3.0,"대기시간,자세한 설명,과잉진료",2
이문연합의원,-3.0,"대기시간,청결,친절",2
이지성이비인후과의원,-3.0,"대기시간,친절,자세한 설명",2
이지현내과의원,-3.0,"대기시간,자세한 설명,친절",2
이피부과의원,-3.0,"자세한 설명,친절,대기시간",2
이필상정형외과의원,-3.0,"대기시간,자세한 설명,과잉진료",2
자연과한의원,-3.0,"대기시간,친절,자세한 설명",2
자하연치과의원,-3.0,"대기시간,친절,자세한 설명",2
유내과의원,-3.0,"친절,자세한 설명,대기시간",2
유씨캘리포니아치과의원,-3.0,"친절,자세한 설명,청결",2
유앤영피부과 노원점,-3.0,"대기시간,자세한 설명,비쌈",2
상계예일내과의원,-3.0,"대기시간,자세한 설명,친절",4
서울동아의원,-3.0,"친절,대기시간,추천",2
서울맑은눈안과의원,-3.0,"대기시간,자세한 설명,비쌈",2
서울맥마취통증의학과의원,-3.0,"친절,자세한 설명,대기시간",3
서울미래정형외과,-3.0,"대기시간,자세한 설명,친절",2
유항맥서울외과 의원,-3.0,"대기시간,비쌈,친절",2
베드로신경정신과의원,-3.0,"대기시간,친절,자세한 설명",2
이혁준정형외과의원,-3.0,"자세한 설명,대기시간,친절",2
이홍수안과의원,-3.0,"친절,자세한 설명,대기시간",2
바로마취통증의학과의원,-3.0,"자세한 설명,청결,친절",2
바른이비인후과의원,-3.0,"친절,대기시간,불친절",6
재단법인자생의료재단노원자생한방병원,-3.0,"친절,대기시간,비쌈",3
정릉성모외과의원,-3.0,"친절,청결,자세한 설명",2
정릉재활의학과의원,-3.0,"친절,청결,자세한 설명",2
밝은미래안과의원,-3.0,"친절,자세한 설명,대기시간",2
방대홍영상의학과의원,-3.0,"친절,대기시간,시설",2
국민건강내과의원,-3.0,"자세한 설명,친절,청결",2
굿모닝이비인후과의원,-3.0,"대기시간,자세한 설명,청결",2
서울민치과의원,-3.0,"대기시간,자세한 설명,친절",2
서울베스트치과의원,-3.0,"청결,자세한 설명,대기시간",2
서울삼성내과의원,-3.0,"대기시간,친절,자세한 설명",2
서울성모정형외과의원,-3.0,"대기시간,친절,자세한 설명",2
미래정형외과의원,-3.0,"대기시간,비쌈,자세한 설명",2
미소EYE안과의원,-3.0,"자세한 설명,대기시간,친절",2
정이비인후과의원,-3.0,"대기시간,청결,친절",2
제니산부인과의원,-3.0,"친절,자세한 설명,비쌈",2
제민통합내과정형외과의원,-3.0,"대기시간,친절,자세한 설명",4
우신향병원,-3.0,"대기시간,친절,자세한 설명",2
월곡순정형외과의원,-3.0,"대기시간,과잉진료,청결",2
월곡연세가정의학과의원,-3.0,"청결,친절,자세한 설명",2
서울미래치과의원,-3.0,"비쌈,친절,과잉진료",2
유피부과의원,-3.0,"대기시간,친절,시설",4
김안과의원,-3.0,"자세한 설명,대기시간,친절",2
김앤김안과의원,-3.0,"자세한 설명,대기시간,친절",2
기린i소아청소년과의원,-3.0,"자세한 설명,청결,친절",2
길음연세치과의원,-3.0,"친절,청결,자세한 설명",2
김동일내과의원,-3.0,"친절,자세한 설명,청결",2
한정형외과의원,-3.0,"대기시간,자세한 설명,친절",2
미즈아이프라자산부인과의원,-3.0,"비쌈,자세한 설명,대기시간",2
미즈아인산부인과의원,-3.0,"자세한 설명,대기시간,친절",2
메이저피부과의원 성신여대역,-3.0,"대기시간,비쌈,자세한 설명",2
명안과의원,-3.0,"대기시간,자세한 설명,친절",2
제일정형외과의원,-3.0,"대기시간,친절,자세한 설명",2
조은안과의원,-3.0,"친절,자세한 설명,대기시간",2
마디콕마취통증의학과의원,-3.0,"자세한 설명,친절,청결",2
마음함께정신건강의학과의원,-3.0,"친절,대기시간,자세한 설명",2
마이키즈치과의원,-3.0,"친절,대기시간,자세한 설명",2
요셉이비인후과의원,-3.0,"대기시간,친절,자세한 설명",2
성북삼성정형외과의원,-3.0,"대기시간,자세한 설명,친절",2
서울의원,-3.0,"대기시간,친절,자세한 설명",2
서울이비인후과의원,-3.0,"청결,친절,자세한 설명",2
서울이튼치과의원,-3.0,"비쌈,대기시간,과잉진료",2
서울좋은치과의원,-3.0,"자세한 설명,과잉진료,비쌈",2
서울아이센터안과의원,-3.0,"자세한 설명,대기시간,친절",2
서울아이정신과의원,-3.0,"비쌈,대기시간,친절",2
만세정형외과의원,-3.0,"자세한 설명,대기시간,비쌈",2
맑은성모이비인후과의원,-3.0,"친절,대기시간,청결",2
하계성모의원,-3.0,"친절,자세한 설명,대기시간",2
하늘꽃한의원,-3.0,"친절,자세한 설명,청결",2
서울휴치과의원,-3.0,"대기시간,청결,비쌈",2
석계탑치과의원,-3.0,"친절,자세한 설명,과잉진료",4
석관서울좋은치과의원,-3.0,"자세한 설명,친절,청결",2
솔재활의학과의원,-3.0,"자세한 설명,친절,대기시간",2
송이여성의원,-3.0,"자세한 설명,대기시간,친절",2
서울준치과의원,-3.0,"친절,자세한 설명,대기시간",2
서울진피부과의원,-3.0,"비쌈,대기시간,자세한 설명",6
서울척병원,-3.0,"대기시간,자세한 설명,비쌈",2
서울치과의원,-3.0,"친절,대기시간,자세한 설명",4
서울플러스안과의원,-3.0,"대기시간,자세한 설명,친절",4
서울필치과의원,-3.0,"대기시간,청결,친절",2
서울하나내과의원,-3.0,"자세한 설명,친절,대기시간",2
서울하이안치과의원 노원점,-3.0,"친절,자세한 설명,청결",2
올바른마취통증의학과의원,-3.0,"자세한 설명,친절,대기시간",2
한국안과의원,-3.0,"대기시간,자세한 설명,비쌈",2
김두현치과의원,-3.0,"친절,대기시간,청결",2
김백선내과의원,-3.0,"친절,자세한 설명,대기시간",2
김성희이비인후과,-3.0,"자세한 설명,친절,대기시간",2
더편한치과의원,-3.0,"대기시간,비쌈,친절",2
맑은의원,-3.0,"청결,친절,자세한 설명",2
메디아이여성병원,-3.0,"대기시간,자세한 설명,친절",2
루시나산부인과,-3.0,"자세한 설명,대기시간,청결",2
류승관내과의원,-3.0,"자세한 설명,대기시간,시설",2
류용도치과의원,-3.0,"대기시간,친절,청결",2
좋은안과의원,-3.0,"대기시간,자세한 설명,청결",2
중계본정형외과의원,-3.0,"친절,청결,대기시간",6
중계성모정형외과의원,-3.0,"대기시간,과잉진료,친절",2
두리이비인후과의원,-3.0,"대기시간,자세한 설명,시설",2
척척명의원,-3.0,"자세한 설명,비쌈,대기시간",2
초이스이비인후과의원,-3.0,"친절,자세한 설명,대기시간",2
초이스피부과의원,-3.0,"대기시간,자세한 설명,비쌈",2
듀오피부과의원,-3.0,"비쌈,자세한 설명,대기시간",2
드림이비인후과의원,-3.0,"대기시간,친절,과잉진료",2
디자인치과의원,-3.0,"자세한 설명,대기시간,비쌈",2
설명한의원,-3.0,"친절,대기시간,청결",2
수락신경외과의원,-3.0,"대기시간,친절,청결",2
수재활의학과의원,-3.0,"친절,자세한 설명,대기시간",4
성북성심신경과의원,-3.0,"대기시간,비쌈,자세한 설명",2
예원내과의원,-3.0,"대기시간,친절,시설",4
예지미의원 동덕여대점,-3.0,"대기시간,자세한 설명,비쌈",2
예지인치과의원,-3.0,"자세한 설명,과잉진료,비쌈",2
오라쁘띠의원,-3.0,"대기시간,자세한 설명,비쌈",2
오상빈정형외과의원,-3.0,"대기시간,친절,불친절",2
오아로피부과의원,-3.0,"자세한 설명,대기시간,비쌈",2
오안과의원,-3.0,"대기시간,자세한 설명,친절",2
지성경희한의원,-3.0,"자세한 설명,친절,청결",2
지음치과의원,-3.0,"친절,비쌈,대기시간",2
노원스카이정형외과의원,-3.0,"친절,청결,자세한 설명",2
더행복한산부인과의원,-3.0,"비쌈,친절,과잉진료",2
돈암고운세상피부과의원,-3.0,"대기시간,자세한 설명,비쌈",2
닥터쁘띠의원,-3.0,"자세한 설명,비쌈,친절",2
닥터에버스의원 노원,-3.0,"과잉진료,비쌈,친절",2
닥터큐의원,-3.0,"비쌈,자세한 설명,친절",2
더꼼꼼한치과의원,-3.0,"자세한 설명,청결,대기시간",2
더서울병원,-3.0,"대기시간,비쌈,자세한 설명",2
참튼튼병원 노원점,-3.0,"친절,자세한 설명,비쌈",2
태능성심정신건강의학과의원,-3.0,"대기시간,비쌈,친절",2
태릉밝은안과의원,-3.0,"대기시간,자세한 설명,친절",2
남이비인후과의원,-3.0,"대기시간,친절,자세한 설명",2
뉴욕엔와이유치과의원,-3.0,"비쌈,대기시간,청결",2
다사랑산부인과의원,-3.0,"과잉진료,친절,불친절",4
다인치과병원,-3.0,"대기시간,친절,비쌈",4
닥터로피부과의원,-3.0,"친절,대기시간,자세한 설명",4
최비뇨기과의원,-3.0,"대기시간,친절",2
안산부인과의원,-3.0,"비쌈,대기시간,청결",2
아리랑가정의원,-3.0,"대기시간,친절,자세한 설명",2
성북성심정형외과의원,-3.0,"비쌈,대기시간,자세한 설명",2
성북우리아이들병원,-3.0,"친절,자세한 설명,대기시간",2
성북이엔이치과의원,-3.0,"비쌈,친절,자세한 설명",2
성북정형외과의원,-3.0,"대기시간,청결,친절",2
세브란스치과의원,-3.0,"친절,대기시간,비쌈",2
연치과의원,-3.0,"대기시간,자세한 설명,친절",2
열린산부인과,-3.0,"자세한 설명,친절,과잉진료",2
예쁨주의쁨의원,-3.0,"대기시간,비쌈,친절",2
최진수안과의원,-3.0,"대기시간,친절,자세한 설명",2
캘리포니아치과의원,-3.0,"대기시간,불친절,자세한 설명",2
테마가있는치과의원,-3.0,"대기시간,자세한 설명,과잉진료",2
파티마의원,-3.0,"친절,자세한 설명,대기시간",4
파티마피부과의원,-3.0,"대기시간,친절,자세한 설명",2
퍼스트 성모안과의원,-3.0,"친절,자세한 설명,대기시간",2
퍼스트성모안과의원,-3.0,"친절,자세한 설명,대기시간",2
편한내과의원,-3.0,"친절,대기시간,자세한 설명",2
누가이비인후과의원,-3.0,"자세한 설명,청결,친절",2
연세밝은안과의원,-3.0,"친절,자세한 설명,대기시간",2
연세봄치과의원,-3.0,"친절,대기시간,자세한 설명",6
연세속편한의원,-3.0,"대기시간,청결,자세한 설명",2
스카이서울가정의학과의원,-3.0,"청결,친절,자세한 설명",2
스타이비인후과 의원,-3.0,"비쌈,자세한 설명,친절",2
연세참이비인후과의원,-3.0,"대기시간,비쌈,자세한 설명",2
연세탑정형외과의원,-3.0,"자세한 설명,친절,청결",2
세이유외과의원 서울노원점,-3.0,"친절,비쌈,대기시간",2
손치과의원,-3.0,"대기시간,과잉진료,비쌈",2
큰길한의원,-3.0,"청결,친절,자세한 설명",2
클린업피부과의원 노원,-3.0,"비쌈,자세한 설명,대기시간",2
태능마이크로병원,-3.0,"대기시간,자세한 설명,친절",2
평산한의원,-3.0,"친절,자세한 설명,과잉진료",2
포이즌의원,-3.0,"대기시간,비쌈,자세한 설명",2
푸름외과의원,-3.0,"자세한 설명,대기시간,친절",2
김영순이비인후과의원,-3.0,"친절,자세한 설명,과잉진료",2
노원 톡스앤필의원,-3.0,"비쌈,대기시간,청결",2
노원CNP차앤박피부과,-3.0,"비쌈,대기시간,자세한 설명",2
노원경희한의원,-3.0,"친절,시설,대기시간",4
김희섭의원,-3.0,"친절,대기시간,비쌈",2
나래마취통증의학과의원,-3.0,"비쌈,저렴,친절",2
나인9의원,-3.0,"자세한 설명,비쌈,대기시간",2
남미현산부인과의원,-3.0,"비쌈,자세한 설명,과잉진료",4
연세오내과의원,-3.0,"대기시간,친절,청결",2
연세올바른정형외과의원,-3.0,"대기시간,친절,자세한 설명",2
양우석신경과의원,-3.0,"자세한 설명,대기시간,청결",2
에스메디센터내과외과의원,-3.0,"대기시간,비쌈,자세한 설명",2
연세마디튼튼의원,-3.0,"자세한 설명,친절",3
연세바른치과의원,-3.0,"비쌈,자세한 설명,청결",2
태릉씨티치과의원,-3.0,"대기시간,친절,자세한 설명",2
화인마취통증의학과의원 노원점,-3.0,"친절,자세한 설명,대기시간",2
후이비인후과의원,-3.0,"대기시간,자세한 설명,과잉진료",2
희락서울가정의학과의원,-3.0,"자세한 설명,친절,추천",2
에이치엔비의원,-3.0,"친절,자세한 설명,대기시간",2
연세 트윈골드 비뇨의학과 의원,-3.0,"친절,청결,자세한 설명",2
연세거뜬정형외과의원,-3.0,"친절,자세한 설명,대기시간",4
연세기린의원,-3.0,"비쌈,자세한 설명,대기시간",2
안영상의학과의원,-3.0,"친절,자세한 설명,대기시간",2
365열린내과의원,-3.0,"대기시간,자세한 설명,친절",2
고배성이비인후과의원,-3.0,"대기시간,자세한 설명,시설",2
고운숨결내과의원,-3.0,"대기시간,비쌈,청결",2
고은미즈의원,-3.0,"대기시간,비쌈,자세한 설명",2
회기센트럴이비인후과의원,-3.0,"대기시간,비쌈,자세한 설명",2
엘림소아청소년과의원,-3.5,"자세한 설명,대기시간,신속",3
연세김&이소아과의원,-3.5,"대기시간,친절,자세한 설명",5
경희약손한의원,-3.5,"친절,대기시간,청결",5
고려가정의학과의원,-3.5,"친절,대기시간,비쌈",3
김태영정신건강의학과의원,-3.5,"대기시간,친절,자세한 설명",3
아침향기한의원,-3.5,"친절,추천,대기시간",5
상계한의원,-3.5,"추천,친절",5
마평수치과의원,-3.5,"시설,청결,친절",5
선정신과의원,-3.5,"대기시간,친절,추천",5
어비뇨기과의원,-3.5,"자세한 설명,대기시간,친절",4
이주용안과의원,-4.0,"비쌈,과잉진료,신속",9
박규희산부인과의원,-4.0,"자세한 설명,대기시간,비쌈",5
미소사랑치과의원,-4.0,"친절,자세한 설명,대기시간",6
건강미소내과의원,-4.0,"친절,자세한 설명,대기시간",5
탑메디피부과의원,-4.0,"대기시간,친절,자세한 설명",13
리멤버피부과의원,-4.0,"친절,자세한 설명,대기시간",21
서태헌안과의원,-4.0,"대기시간,친절,자세한 설명",5
시원한이비인후과의원,-4.0,"대기시간,자세한 설명,친절",5
서울스카이정형외과의원,-4.0,"친절,자세한 설명,대기시간",7
연세프렌즈소아청소년과의원,-4.5,"대기시간,친절,자세한 설명",4
퀸스메디소아청소년과의원,-4.5,"대기시간,친절,청결",11
연세덴티플러스치과의원,-4.5,"자세한 설명,친절,청결",4
참내과의원,-4.5,"친절,자세한 설명,시설",13
마들수내과의원,-4.5,"친절,대기시간,자세한 설명",9
연세우리안과의원,-4.5,"대기시간,비쌈,친절",5
서울비뇨기과의원 노원,-4.5,"자세한 설명,추천,친절",42
정소아청소년과의원,-4.5,"친절,자세한 설명,대기시간",4
아이디치과의원(노원점),-4.5,"친절,추천,비쌈",90
선이비인후과의원,-4.5,"친절,자세한 설명,대기시간",12
미래비뇨기과의원,-5.0,"대기시간,친절,불친절",8
연세이비인후과의원,-5.0,"친절,대기시간,자세한 설명",6
이앤정정신건강의학과의원,-5.0,"친절,대기시간,비쌈",10
비앤비이비인후과의원,-5.0,"대기시간,친절,자세한 설명",6
마이스킨피부과의원,-5.0,"자세한 설명,친절,대기시간",6
메디홈즈의원,-5.5,"불친절,친절,비쌈",9
일맥한의원,-5.5,"친절,자세한 설명,대기시간",6
에비뉴여성의원,-5.5,"자세한 설명,친절,비쌈",6
연세스타일치과의원,-6.0,"친절,과잉진료,대기시간",7
바른이정치과의원,-6.0,"친절,자세한 설명,과잉진료",8
피오나여성의원,-6.0,"친절,자세한 설명,비쌈",8
연세신통마취통증의학과의원,-6.5,"친절,자세한 설명,대기시간",6
굿모닝소아청소년과의원,-7.0,"대기시간,친절,자세한 설명",7
차앤박피부과의원,-7.0,"친절,대기시간,비쌈",16
삼성편한내과의원,-7.0,"친절,청결,자세한 설명",34
행복한피부과의원,-7.5,"친절,비쌈,대기시간",10
허브치과의원,-8.0,"친절,비쌈,대기시간",11
노원우태하피부과의원,-8.5,"대기시간,자세한 설명,친절",10
강북예치과병원,-8.5,"친절,자세한 설명,추천",39
